name,lr,val_acc,final_train_loss,diverged
baseline,0.001,0.08950000256299973,2.302619695663452,False
baseline,0.01,0.10000000149011612,2.3029098510742188,False
baseline,0.1,0.10199999809265137,2.304908514022827,False
baseline,0.5,0.10000000149011612,2.3032796382904053,False
+relu,0.001,0.13083332777023315,2.301983118057251,False
+relu,0.01,0.45899999141693115,1.1870633363723755,False
+relu,0.1,0.8299999833106995,0.3157573938369751,False
+relu,0.5,0.8321666717529297,0.3396480977535248,False
+he,0.001,0.08950000256299973,2.3026607036590576,False
+he,0.01,0.10000000149011612,2.302974224090576,False
+he,0.1,0.10199999809265137,2.3051438331604004,False
+he,0.5,0.10199999809265137,2.298746109008789,False
+relu_he,0.001,0.8149999976158142,0.5274720788002014,False
+relu_he,0.01,0.8481666445732117,0.3298693597316742,False
+relu_he,0.1,0.8518333435058594,0.23598897457122803,False
+relu_he,0.5,0.6768333315849304,0.3320864140987396,False
+bn,0.001,0.768833339214325,1.094343900680542,False
+bn,0.01,0.8678333163261414,0.3813509941101074,False
+bn,0.1,0.8373333215713501,0.2521539330482483,False
+bn,0.5,0.8356666564941406,0.25410690903663635,False
+residual,0.001,0.5719999670982361,1.9225455522537231,False
+residual,0.01,0.7404999732971191,0.7476398944854736,False
+residual,0.1,0.8373333215713501,0.42738473415374756,False
+residual,0.5,0.8681666851043701,0.3273357152938843,False
+adam,1e-05,0.18299999833106995,2.2724568843841553,False
+adam,0.0001,0.5093333125114441,1.1390089988708496,False
+adam,0.001,0.8386666774749756,0.4494602084159851,False
+adam,0.01,0.5814999938011169,0.8584052920341492,False
