name,depth,width,activation,init,norm,residual,optimizer,lr,batch_size,epochs,patience,min_delta,seed,test_acc,val_acc,final_train_loss,stopped_at,runtime_s,init_decay_slope,final_decay_slope,final_r2,slope_change,init_grad_ratio_L1,final_grad_ratio_L1,init_act_grad_L1,init_act_grad_last,final_act_grad_L1,init_eff_update_L1,final_update_ratio_L1,final_update_ratio_out,drift_L1,drift_out,init_saturation_L1,init_dead_relu_L1,init_sparsity_L1,init_eff_depth_0.001,init_eff_depth_0.01,init_eff_depth_0.05,final_eff_depth_0.001,final_eff_depth_0.01,final_eff_depth_0.05,phase
baseline,7,128,sigmoid,normal_0.05,none,False,sgd,0.5,256,50,15,0.0001,42,0.10000000149011612,0.10116666555404663,2.3034374713897705,19,33.5898711681366,0.9195689424966306,0.8179913518828754,0.994482217830178,-0.10062865515488584,1.2711554120414803e-07,4.787374408010692e-08,1.4027476957778617e-09,0.00019229693862143904,4.3106240799062334e-10,6.355777060207402e-08,2.3333090126698153e-08,0.015086411498486996,8.245528442785144e-05,0.16775739192962646,0.0,0.0,0.0,3,2,1,4,2,2,1_ablation
baseline,7,128,sigmoid,normal_0.05,none,False,sgd,0.5,256,50,15,0.0001,43,0.10000000149011612,0.10216666758060455,2.303225517272949,26,44.85310888290405,0.9268997506591341,0.8724447781210525,0.9921543654553389,-0.05428368447975307,1.3762523565219453e-07,2.918297958842686e-08,1.3183466540667155e-09,0.0001903844386106357,3.1421060198155715e-10,6.881261782609727e-08,1.2788009762232377e-08,0.009451482445001602,8.900740067474544e-05,0.18882910907268524,0.0,0.0,0.0,3,2,1,3,2,2,1_ablation
baseline,7,128,sigmoid,normal_0.05,none,False,sgd,0.5,256,50,15,0.0001,44,0.10000000149011612,0.09966666996479034,2.3033623695373535,31,53.46073627471924,0.9265473427177442,0.8980419647072565,0.9937687548075899,-0.0290300228788275,1.1450669035184546e-07,2.0111910359332796e-08,1.2782774838626665e-09,0.00018124956113751978,2.181587271943286e-10,5.725334517592273e-08,7.762110953990486e-09,0.009313197806477547,6.366866000462323e-05,0.1966644674539566,0.0,0.0,0.0,3,2,1,3,2,2,1_ablation
+relu,7,128,relu,normal_0.05,none,False,sgd,0.5,256,50,15,0.0001,42,0.10000000149011612,0.10966666787862778,,48,78.87139129638672,0.04160999627027567,-0.03691025893943414,0.5173991646896094,-0.09172519266909883,0.00013164078700356185,0.01533978246152401,6.795701779083174e-07,0.0001917187764775008,0.0003925448108930141,6.582039350178093e-05,0.007669891230762005,0.00577081274241209,,,0.5970458984375,0.0,0.525970458984375,8,8,8,8,8,8,1_ablation
+relu,7,128,relu,normal_0.05,none,False,sgd,0.5,256,50,15,0.0001,43,0.10000000149011612,0.10966666787862778,,17,28.244983911514282,0.029241616837842904,,,,0.00019319012062624097,,7.888971254033095e-07,0.00018902351439464837,,9.659506031312048e-05,,,,,0.547882080078125,0.0,0.45751953125,8,8,8,0,0,0,1_ablation
+relu,7,128,relu,normal_0.05,none,False,sgd,0.5,256,50,15,0.0001,44,0.10000000149011612,0.10966666787862778,,21,35.209938526153564,0.06375912838477861,,,,0.00016340086585842073,,6.946916641936696e-07,0.00017971954366657883,,8.170043292921036e-05,,,,,0.5570068359375,0.015625,0.493865966796875,8,8,8,0,0,0,1_ablation
+he,7,128,sigmoid,he,none,False,sgd,0.5,256,50,15,0.0001,42,0.7942000031471252,0.8008333444595337,0.5621057748794556,50,86.01765370368958,0.5531852286241764,0.04150317813209946,0.23849856437446426,-0.5117485237827467,6.358417158480734e-05,0.009098631329834461,4.978190872861887e-07,0.0004915075842291117,0.0009020489524118602,3.179208579240367e-05,0.004549316130578518,0.007479566149413586,1.3388152122497559,3.060386896133423,0.0,0.0,0.0,5,4,2,8,8,8,1_ablation
+he,7,128,sigmoid,he,none,False,sgd,0.5,256,50,15,0.0001,43,0.802299976348877,0.812333345413208,0.5130794644355774,50,86.00851798057556,0.5747641492029077,0.06745777536518241,0.8367513709782454,-0.5070339674810391,5.991477519273758e-05,0.0052662198431789875,4.7485607979069755e-07,0.00048770231660455465,0.0006493659457191825,2.995738759636879e-05,0.0026331108529120684,0.0033867459278553724,1.4244401454925537,3.174896240234375,0.0,0.0,0.0,5,3,2,8,8,8,1_ablation
+he,7,128,sigmoid,he,none,False,sgd,0.5,256,50,15,0.0001,44,0.7631000280380249,0.7638333439826965,0.6502499580383301,50,85.6376051902771,0.5708948459893642,0.05253487320777284,0.39894375527585313,-0.5193265648385454,5.3669769840780646e-05,0.008090903051197529,4.578360233153944e-07,0.000468876794911921,0.0006696725613437593,2.6834884920390323e-05,0.004045451991260052,0.006980628706514835,1.0458102226257324,3.0489604473114014,0.0,0.0,0.0,5,3,2,8,8,8,1_ablation
+bn,7,128,sigmoid,normal_0.05,batchnorm,False,sgd,0.1,256,50,15,0.0001,42,0.8777999877929688,0.8806666731834412,0.19166521728038788,34,70.27853798866272,0.07361937006012358,-0.10289132356214095,0.9553630465980032,-0.1711023187187288,0.03042599745094776,0.04260364547371864,0.000265261362073943,0.00019227339362259954,0.0009875493124127388,0.0030425997450947762,0.004260362591594458,0.001684686285443604,0.46307802200317383,4.923158168792725,3.0517578125e-05,0.0,0.0,8,8,8,8,8,8,1_ablation
+bn,7,128,sigmoid,normal_0.05,batchnorm,False,sgd,0.1,256,50,15,0.0001,43,0.8755999803543091,0.8834999799728394,0.14956913888454437,47,97.09334540367126,0.07486976464231875,-0.10073925630181414,0.745874503565429,-0.17142947649284102,0.032377954572439194,0.059213608503341675,0.0002459136303514242,0.00019038550090044737,0.0011235143756493926,0.0032377954572439197,0.00592136150225997,0.0013623697450384498,0.5462623238563538,5.383641242980957,0.0,0.0,0.0,8,8,8,8,8,8,1_ablation
+bn,7,128,sigmoid,normal_0.05,batchnorm,False,sgd,0.1,256,50,15,0.0001,44,0.8758999705314636,0.8794999718666077,0.17232826352119446,40,84.50519943237305,0.09607400641380721,-0.09343150979447831,0.8312958202553306,-0.17312008066210527,0.028120197355747223,0.04616377130150795,0.00024060321447905153,0.00018192119023296982,0.0010972465388476849,0.0028120197355747225,0.004616379272192717,0.001732733566313982,0.5006751418113708,5.414331436157227,6.103515625e-05,0.0,0.0,8,8,8,8,8,8,1_ablation
+residual,7,128,sigmoid,normal_0.05,none,True,sgd,0.5,256,50,15,0.0001,42,0.8769999742507935,0.8811666369438171,0.25639405846595764,50,88.86696124076843,0.3029090585819669,0.07995690508828673,0.09025552001465498,-0.22203237485110916,0.028062541037797928,0.00967995822429657,0.00019920132763218135,0.00019888956740032881,0.0008354291203431785,0.014031270518898964,0.00483997818082571,0.0025954623706638813,1.6650869846343994,12.15678596496582,0.0,0.0,0.0,8,4,1,8,8,7,1_ablation
+residual,7,128,sigmoid,normal_0.05,none,True,sgd,0.5,256,50,15,0.0001,43,0.8726999759674072,0.8801666498184204,0.27571484446525574,50,88.64487099647522,0.3016789262755538,0.14597602179630845,0.33659098444403557,-0.15672438746500597,0.032742004841566086,0.008621825836598873,0.0002045010623987764,0.0002046933223027736,0.0008673551492393017,0.016371002420783043,0.004310913383960724,0.0013440415496006608,1.6413286924362183,13.124703407287598,0.0,0.0,0.0,8,4,1,8,8,5,1_ablation
+residual,7,128,sigmoid,normal_0.05,none,True,sgd,0.5,256,50,15,0.0001,44,0.876800000667572,0.8848333358764648,0.25857990980148315,50,87.78906559944153,0.31161008631729226,0.11520831813307436,0.19264784424993187,-0.1955982516575011,0.03699403256177902,0.008497130125761032,0.00019873230485245585,0.00019892676209565252,0.0009389633196406066,0.01849701628088951,0.004248565062880516,0.001274731825105846,1.639064073562622,13.152186393737793,0.0,0.0,0.0,8,2,1,8,8,6,1_ablation
+adam,7,128,sigmoid,normal_0.05,none,False,adam,0.001,256,50,15,0.0001,42,0.8471999764442444,0.8558333516120911,0.3062983453273773,50,104.14729571342468,0.9195689424966306,2.3376609905460206e-05,1.6487557985556123e-08,-0.9185966304278558,1.2711554120414803e-07,0.0074953134171664715,1.4027476957778617e-09,0.00019229693862143904,0.003855249611660838,1.2711554120414802e-10,0.0011080122785642743,0.0006323936395347118,3.8971328735351562,5.554973602294922,0.0,0.0,0.0,3,2,1,8,8,8,1_ablation
+adam,7,128,sigmoid,normal_0.05,none,False,adam,0.001,256,50,15,0.0001,43,0.8496000170707703,0.859333336353302,0.3290847837924957,50,105.93953466415405,0.9268997506591341,0.0034289005275399144,0.0005848313221329393,-0.9232995620732656,1.3762523565219453e-07,0.007356300018727779,1.3183466540667155e-09,0.0001903844386106357,0.0041651916690170765,1.3762523565219452e-10,0.0010663801804184914,0.0008133127703331411,3.9196135997772217,5.344324111938477,0.0,0.0,0.0,3,2,1,8,8,8,1_ablation
+adam,7,128,sigmoid,normal_0.05,none,False,adam,0.001,256,50,15,0.0001,44,0.8673999905586243,0.8741666674613953,0.22349469363689423,46,96.14612889289856,0.9265473427177442,-0.08928325281513341,0.20377597876334952,-1.0163552404012175,1.1450669035184546e-07,0.010545821860432625,1.2782774838626665e-09,0.00018124956113751978,0.002871263073757291,1.1450669035184546e-10,0.0010084016248583794,0.0006176275201141834,3.9589006900787354,5.29313850402832,0.0,0.0,0.0,3,2,1,8,8,8,1_ablation
